<?xml version="1.0" encoding="UTF-8"?>
<session>
  <datacenter>RTP</datacenter>
  <id>1266698</id>
  <creds>MTI2NjY5ODpjY29ycmVhdDpkMjUwZjliOS0wN2IyLTQwZjMtYTYyMS01ZDBkNGM2NGQ4MzI%3D</creds>
  <owner>ccorreat</owner>
  <vpod>751</vpod>
  <anycpwd>64d832</anycpwd>
  <devices></devices>
  <translations>
    <translation>
      <inside>198.18.133.1</inside>
      <outside>10.254.23.112</outside>
      <name>web-console-1266698.px.dc-01.com</name>
      <scope>PUBLIC</scope>
    </translation>
  </translations>
  <dids></dids>
  <scenario></scenario>
</session>